five_prime,three_prime,direction,promoter,genes,promoter_seq
1655285,1655126,-,rspAp,"rspA, rspB",TTTCATCTTTTGTCAACCATTCACAGCGCAAATATACGCCTTTTTTTGTGATCACTCCGGCTTTTTTCGATCTTTATACTTGTATGGTAGTAGCTCAGTTGCGTAGATTTCATGCATCACGACAAGCGATGCAAGGAATCGAACATGAAGATCGTAAAGG
70189,70030,-,araBp,"araA, araB, araD",TCCACATTGATTATTTGCACGGCGTCACACTTTGCTATGCCATAGCATTTTTATCCATAAGATTAGCGGATCCTACCTGACGCTTTTTATCGCAACTCTCTACTGTTTCTCCATACCCGTTTTTTTGGATGGAGTGAAACGATGGCGATTGCAATTGGCC
1942520,1942679,+,znuCp,"znuB, znuC",GTGTTGCACCTCCCCAGAGAGCGGCGGATAATGCTGCGAAAAGAAGCGTTTTTTTATGTAACATAATGCGACCAATAATCGTAATGAATATGAGAAGTGTGATATTATAACATTTCATGACTACTGCAAGACTAAAATTAACATGACAAGTCTGGTTTCC
3730921,3730762,-,xylAp,"xylA, xylB",CCAGTTTCATCATTCCATTTTATTTTGCGAGCGAGCGCACACTTGTGAATTATCTCAATAGCAGTGTGAAATAACATAATTGAGCAACTGAAAGGGAGTGCCCAATATTACGACATCATCCATCACCCGCGGCATTACCTGATTATGGAGTTCAATATGC
3730955,3731114,+,xylFp,"xylF, xylG, xylH, xylR",AATTGCGCAACAAAAGTAAGATCTCGGTCATAAATCAAGAAATAAACCAAAAATCGTAATCGAAAGATAAAAATCTGTAATTGTTTTCCCCTGTTTAGTTGCTAAAAATTGGTTACGTTTATCGCGGTGATTGTTACTTATTAAAACTGTCCTCTAACTA
1647990,1647831,-,dicCp,"dicC, ydfW, ydfX",GAGGTTTTTCCGACGATACCTGATGCGTTCGCCGATAGTTAAATTTTTTGTTTCCATAGTTAGCTAATGCTAAATCGTATTGACTATGTTTTTGTTAACATCTATCTTGTTAGTTATGACTAACAATAAAGGTGTTTTAAATGCTTAAAACTGACGCTCT
1646017,1645858,-,relBp,"hokD, relB, relE",TGGACTTAGCAATGGCTGCTCCTGGCACAAAGCGGACAGTGATCACCGTTCTTACGACTACTTTCTGACTTCCTTCGTGACTTGCCCTAAGCATGTTGTAGTGCGATACTTGTAATGACATTTGTAATTACAAGAGGTGTAAGACATGGGTAGCATTAAC
932815,932974,+,ftsKp2,ftsK,TTCTGGTATTCGTTGAGATTACTCTGAATCGTGGCGCACCGGATGTGTTTGAACAATTCAATACCGCTGTACAAAAACTTGAAGAAATTCAGGAGTGTCATTTAGTATCCGGTGATTTCGACTACCTGTTGAAAACACGCGTGCCGGATATGTCAGCCTA
933024,933183,+,ftsKp1,ftsK,ACACGGACATACGTTGTTATGGAAGAAGTCAAGCAGAGTAATCGTCTGGTTATTAAGACGCGCTAACACGGAACAGGTGCAAAATCGGCGTATTTTGATTACACTCCTGTTAATCCATACAGCAACAGTACTGGGGTAACCTGGTACTGTTGTCCGTTTT
367652,367493,-,lacIp,lacI,GAAGAAGGGGTTGAATCGCAGGCTATTCTGGTGGCCGGAAGGCGAAGCGGCATGCATTTACGTTGACACCATCGAATGGCGCAAAACCTTTCGCGGTATGGCATGATAGCGCCCGGAAGAGAGTCAATTCAGGGTGGTGAATGTGAAACCAGTAACGTTA
368642,368483,-,mhpRp2,"lacI, mhpR",GCAGGCTGGATGTCAGGGTGTTGTATTGCCATTTCAGTACCTCACGACTCGGACAAAATGTCGTTGCGCGCACAGTACAGCGCAACTTATTTTGTTAAAAACATGTAAATGATTTTTTATTGTGCGCTCAGTATAGGAAGGGTGTTTTCGGCTACAATCA
368650,368491,-,mhpRp1,"lacI, mhpR",GGTTAACAGCAGGCTGGATGTCAGGGTGTTGTATTGCCATTTCAGTACCTCACGACTCGGACAAAATGTCGTTGCGCGCACAGTACAGCGCAACTTATTTTGTTAAAAACATGTAAATGATTTTTTATTGTGCGCTCAGTATAGGAAGGGTGTTTTCGGC
1618979,1619138,+,marRp,"marA, marB, marR",CTCTTTAGCTAGCCTTGCATCGCATTGAACAAAACTTGAACCGATTTAGCAAAACGTGGCATCGGTCAATTCATTCATTTGACTTATACTTGCCTGGGCAATATTATCCCCTGCAACTAATTACTTGCCAGGGCAACTAATGTGAAAAGTACCAGCGATC
3875299,3875140,-,dgoRp,"dgoA, dgoD, dgoK, dgoR, dgoT",TGTAGTACAACAATATAAGTTTGTACTACATTACACGCACGGCAAACGCGAACGTCATCACGCTGGTACTACAAAGTTGCCGCGTTATGCATCGATCGGGGTAAAGTAGAGAAGAACATACAGAGCACAAGGACTCTCCATGACTCTCAATAAAACCGAT
3536821,3536662,-,ompRp1,"envZ, ompR",GCGTTTTCATCTCGTTGATTCCCTTTGTCTGTTTGATAATGCGCACATTGGGTATAACGTGATCATATCAACAGAATCAATAATGTTTCGCCGAATAAATTGTATACTTAAGCTGCTGTTTAATATGCTTTGTAACAATTTAGGCTGAAATTCATACCAG
3536869,3536710,-,ompRp4,"envZ, ompR",AATTAAGCTCTTGTTTGAGTTTTTCATACCCTTCCCGGGTAACCAGGGGCGTTTTCATCTCGTTGATTCCCTTTGTCTGTTTGATAATGCGCACATTGGGTATAACGTGATCATATCAACAGAATCAATAATGTTTCGCCGAATAAATTGTATACTTAAG
3536799,3536640,-,ompRp2,"envZ, ompR",CTTTGTCTGTTTGATAATGCGCACATTGGGTATAACGTGATCATATCAACAGAATCAATAATGTTTCGCCGAATAAATTGTATACTTAAGCTGCTGTTTAATATGCTTTGTAACAATTTAGGCTGAAATTCATACCAGATTTAGCTGGTGACGAACGTGA
3536753,3536594,-,ompRp3,"envZ, ompR",CAACAGAATCAATAATGTTTCGCCGAATAAATTGTATACTTAAGCTGCTGTTTAATATGCTTTGTAACAATTTAGGCTGAAATTCATACCAGATTTAGCTGGTGACGAACGTGAGCTTTTTTAAGAATACACGCTTACAAATTGTTGCGAACCTTTGGGA
70109,70268,+,araCp,araC,GTCAGGTAGGATCCGCTAATCTTATGGATAAAAATGCTATGGCATAGCAAAGTGTGACGCCGTGCAAATAATCAATGTGGACTTTTCTGCCGTGATTATAGACACTTTTGTTACGCGTTTTTGTCATGGCTTTGGTCCCGCTTTGTTACAGAATGCTTTT
1704398,1704557,+,blrp,blr,GTTGTTTAACTTAAGTCAAAAAAATAGCGAATTTTCCAACGACAAAAGCTAAATATCGCAAAAACCTCAGTAAAAATCTTGCTGGAGCTATTATTGCTAAGTAACATTTACCCCCTGAAGTTAATGGATCAATCAAGAGAGATGTGGGCTGTAATGAATC
2339571,2339412,-,gyrAp,gyrA,TTCATTGGCACTTCTACTCCGTAATTGGCAAGACAAACGAGTATATCAGGCATTGGATGTGAATAAAGCGTATAGGTTTACCTCAAACTGCGCGGCTGTGTTATAATTTGCGACCTTTGAATCCGGGATACAGTAGAGGGATAGCGGTTAGATGAGCGAC
4352435,4352594,+,ghoSp,"ghoS, ghoT",GCACAAAGAATGGGCAGAGAGCGCGTTTTTTTGTCCCAAGTCATCCCCTTTACTGAGCAAAAAAAAGAATATCTCCTATATGAGAATCATCAATCGGGGTTAATAAGTTTTGCGTCCCCAGAGCGTTTAATATTGATAGGAGTCATATTATGGAAGGTAA
1795835,1795676,-,ihfAp4,ihfA,CCGGCGAACCGTCGTGACATCGCGGTGGTGGTCGCAGAAAACGTTCCCGCAGCGGATATTTTATCCGAATGTAAGAAAGTTGGCGTAAATCAGGTAGTTGGCGTAAACTTATTTGACGTGTACCGCGGTAAGGGTGTTGCGGAGGGGTATAAGAGCCTCG
1799415,1799256,-,pheMp,"ihfA, pheM, pheS, pheT",AAGCGAAAGCAGCTCTGGCATAAGCCAGTTGAAAGAGGGAGCTAGTCTCCCTCTTTTCGTTTCAACGCCATCAAAACATTGACTTTTATCGCCGTAGCCTTTTCAATAAAGGTCTTTTGAAGAGTACCAAAAGGTAACGCAAGCAATGAATGCTGCTATT
987206,987047,-,ompFp,ompF,AAAGTTCCTTAAATTTTACTTTTGGTTACATATTTTTTCTTTTTGAAACCAAATCTTTATCTTTGTAGCACTTTCACGGTAGCGAAACGTTAGTTTGAATGGAAAGATGCCTGCAGACACATAAAGACACCAAACTCTCATCAATAGTTCCGTAAATTTT
987206,987047,-,ompFp2,ompF,AAAGTTCCTTAAATTTTACTTTTGGTTACATATTTTTTCTTTTTGAAACCAAATCTTTATCTTTGTAGCACTTTCACGGTAGCGAAACGTTAGTTTGAATGGAAAGATGCCTGCAGACACATAAAGACACCAAACTCTCATCAATAGTTCCGTAAATTTT
2810633,2810792,+,mprAp,"emrA, emrB, mprA",GTGCGCTGGCCTATGGGCTCGCCTGGAAAGTGATGGCGATTATATAACCCACAAGAATCATTTTTCTAAAACAATACATTTACTTTATTTGTCACTGTCGTTACTATATCGGCTGAAATTAATGAGGTCATACCCAAATGGATAGTTCGTTTACGCCCAT
3485839,3485998,+,crpp1,crp,AATTTTCCTGACAGAGTACGCGTACTAACCAAATCGCGCAACGGAAGGCGACCTGGGTCATGCTGAAGCGAGACACCAGGAGACACAAAGCGAAAGCTATGCTAAAACAGTCAGGATGCTACAGTAATACATTGATGTACTGCATGTATGCAAAGGACGT
3485911,3486070,+,crpp3,crp,ACACCAGGAGACACAAAGCGAAAGCTATGCTAAAACAGTCAGGATGCTACAGTAATACATTGATGTACTGCATGTATGCAAAGGACGTCACATTACCGTGCAGTACAGTTGATAGCCCCTTCCCAGGTAGCGGGAAGCATATTTCGGCAATCCAGAGACA
3485917,3486076,+,crpp2,crp,GGAGACACAAAGCGAAAGCTATGCTAAAACAGTCAGGATGCTACAGTAATACATTGATGTACTGCATGTATGCAAAGGACGTCACATTACCGTGCAGTACAGTTGATAGCCCCTTCCCAGGTAGCGGGAAGCATATTTCGGCAATCCAGAGACAGCGGCG
2241824,2241665,-,galSp,galS,AAAACATCAAGATAACGATCTGGATCACATTCGTTAACAAAACGGCTGTAACCGTTTCCATTGCTGTGACTCGATTCACGAAGTCCTGTATTCAGTGCTGACAAAATAGCCGCCAGCAAGCAGTCATTTACTGCAATCTCATAACAGGTAGTGAATATGA
2240680,2240521,-,mglBp,"mglA, mglB, mglC",CAACACGCCAGAATGCGGCGGCGATCACTAACTCAACAAATCAGGCGATGTAACCGCTTTCAATCTGTGAGTGATTTCACAGTATCTTAACAATGTGATAGCTATGATTGCACCGTTTTAACGTTGTAACCCGTATGTAACAGTGAATAATCACTTTTGC
2240680,2240521,-,mglBp2,"mglA, mglB, mglC",CAACACGCCAGAATGCGGCGGCGATCACTAACTCAACAAATCAGGCGATGTAACCGCTTTCAATCTGTGAGTGATTTCACAGTATCTTAACAATGTGATAGCTATGATTGCACCGTTTTAACGTTGTAACCCGTATGTAACAGTGAATAATCACTTTTGC
792195,792036,-,galEp1,"galE, galK, galM, galT",CTGTTTTATAATCACTTAATCGCGCATAAAAAACGGCTAAATTCTTGTGTAAACGATTCCACTAATTTATTCCATGTCACACTTTTCGCATCTTTGTTATGCTATGGTTATTTCATACCATAAGCCTAATGGAGCGAATTATGAGAGTTCTGGTTACCGG
792200,792041,-,galEp2,"galE, galK, galM, galT",ACCCTCTGTTTTATAATCACTTAATCGCGCATAAAAAACGGCTAAATTCTTGTGTAAACGATTCCACTAATTTATTCCATGTCACACTTTTCGCATCTTTGTTATGCTATGGTTATTTCATACCATAAGCCTAATGGAGCGAATTATGAGAGTTCTGGTT
792291,792132,-,galEp3,"galE, galK, galM, galT",GGCGGCCTTAGCACCCTCTCCGGCCAACGGTTCGACGCATGCAGGCATGAAACCGCGTCTTTTTTCAGATAAAAAGCGCAATCATTCATAAACCCTCTGTTTTATAATCACTTAATCGCGCATAAAAAACGGCTAAATTCTTGTGTAAACGATTCCACTA
792195,792036,-,galEp,"galE, galK, galT",CTGTTTTATAATCACTTAATCGCGCATAAAAAACGGCTAAATTCTTGTGTAAACGATTCCACTAATTTATTCCATGTCACACTTTTCGCATCTTTGTTATGCTATGGTTATTTCATACCATAAGCCTAATGGAGCGAATTATGAGAGTTCTGGTTACCGG
3276858,3277017,+,sohAp,"prlF, yhaV",TTTTGGAACGTCCCTCGCAAAACATGGCCTTAGTGCCATGTTTTTATTGTTTAAAGCCCCCACGTCCATTAATAATGCATTTGCATTACCTTAGTTCAAGCTTATAATTTGAGCAGAAAACAGGCTGTAAAAGGACAGTGAATCATGCCCGCTAATGCTC
3656905,3656746,-,hdeAp2,"hdeA, hdeB, yhiD",TTCCTAATTGCAGTATCTGATGCATCTGTAACTCATTGTATTGAAATAAAAATATCTGATTTTGATATTTTCCATCAACATGACATATACAGAAAACCAGGTTATAACCTCAGTGTCGAAATTGATTCGTGACGGCTCTTTCACTTTATAGTTGAGGATA
3656905,3656746,-,hdeAp,"hdeA, hdeB, yhiD",TTCCTAATTGCAGTATCTGATGCATCTGTAACTCATTGTATTGAAATAAAAATATCTGATTTTGATATTTTCCATCAACATGACATATACAGAAAACCAGGTTATAACCTCAGTGTCGAAATTGATTCGTGACGGCTCTTTCACTTTATAGTTGAGGATA
4215288,4215447,+,aceBp,"aceA, aceB, aceK",GTACCTCAGCAGGTGAATAAATTTTATTCATATTGTTATCAACAAGTTATCAAGTATTTTTAATTAAAATGGAAATTGTTTTTGATTTTGCATTTTAAATGAGTAGTCTTAGTTGTGCTGAACGAAAAGAGCACAACGATCCTTCGTTCACAGTGGGGAA
4376395,4376554,+,ecnBp,ecnB,GAAGACATCAAACATCTCGGCAACTCCATCTCTCGCGCTGCCAGCTAATTTTTCTTCTCTTCCGAAAAATCATCAGATTCCCATCATTTTTGGCGATGTTGTCTATTATTAATTTGCTATAGGCAAACATAAATAACATTACCTAAAAGGAAGACGTTAT
842267,842108,-,mcbAp5,mcbA,CGTTTATCATTCCCCAAAACCTTAACATGGCTATGGTTTATGGCAATTCATCATAAAAATCAGCATTATGCATGTCATTGATTTGTCTTATTTTGTAAAAATATATCGTTCAAAAAATAAGCACATCTCTGTCAATTTTTTGCGTCATTTGCATCGCGCA
3888297,3888456,+,tnaCp,"tnaA, tnaB, tnaC",AATTTATAATCTTTAAAAAAAGCATTTAATATTGCTCCCCGAACGATTGTGATTCGATTCACATTTAAACAATTTCAGAATAGACAAAAACTCTGAGTGTAATAATGTAGCCTCGTGTCTTGCGAGGATAAGTGCATTATGAATATCTTACATATATGTG
2177348,2177189,-,gatYp,"gatA, gatB, gatC, gatD, gatY, gatZ",GGCTTCCCTATCGGGAGGCCGTTTTTTTGCCTTTCACTCCTCGAATAATTTTCATATTGTCGTTTTTGTGATCGTTATCTCGATATTTAAAAACAAATAATTTCATTATATTTTGAAATCGAAAACAAACGACAGGATATGAAAATGTACGTGGTATCGA
2176546,2176387,-,gatZp,"gatA, gatB, gatC, gatD, gatZ",AAACCATCAAACTGGGGATATGCAAAATCAACGTTGCAACGGAGCTGAAAAATGCCTTCTCGCAGGCGTTAAAAAATTACCTGACCGAGCACCCTGAAGCGACCGATCCCCGGGATTATTTGCAGTCGGCTAAATCCGCAATGCGCGATGTGGTGAGCAA
1757182,1757341,+,lppp2,lpp,GAAGCAATAAAAAATCAAATCGGATTTCACTATATAATCTCACTTTATCTAAGATGAATCCGATGGAAGCATCCTGTTTTCTCTCAATTTTTTTATCTAAAACCCAGCGTTCGATGCTTCTTTGAGCGAACGATCAAAAATAAGTGCCTTCCCATCAAAA
1757269,1757428,+,lpp,lpp,TTTTTTTATCTAAAACCCAGCGTTCGATGCTTCTTTGAGCGAACGATCAAAAATAAGTGCCTTCCCATCAAAAAAATATTCTCAACATAAAAAACTTTGTGTAATACTTGTAACGCTACATGGAGATTAACTCAATCTAGAGGGTATTAATAATGAAAGC
595459,595618,+,cusCp,"cusA, cusB, cusC, cusF",TGCCCGGGCAATTCTAGAGTAGCGGGATCAGATGGCAATCGCTTATTGGCAAAATGACAATTTTGTCATTTTTCTGTCACCGGAAAATCAGAGCCTGGCGAGTAAAGTTGGCGGCATAAAATCACCAGAAATTATGAGCCTATGTCTCCTTGTAAACTTC
2381167,2381008,-,elaBp,elaB,GTTTCGGTTTTATCCCTGTGACGGAGGTCTATGAAGAAGATGGTATCCCACACATTGGGATGGCACGCGAGGTAATTCAGGCGTAATCAACAACCCTTGTCTATAGTTAGTGACAGGTTTTACGCAAATGGAGAACGAGAATGTCTAATCAGTTTGGTGA
1523113,1523272,+,yncEp,yncE,TTGTAAATTTATGGAAAATGAAACGGCACAATACGTTAAGTAATTGAGAAAATTGTAGTCGTAACGGCAAGAAATGCTCCACATTTGAGAAAATAATGATTACCATTCCCATTTATAACAAGAGCGTAACGATGATTACGCTTAGCGAAGCATTGTGAAG
2796928,2796769,-,kbpp4,kbp,CACTGCTTGGGTATATCCCCGGTTTGATTCACGCGTTCTGGGTGCAAACCCGCGATTAAACCTGTGCTCATCCCCGCGGCGTTAACGCGCCGCGTTCCTCTGCTACACTTTCTGAGTGTTTCCGTTAACGAATGAGGTAGCTATGGGTCTGTTCAATTTT
2797199,2797040,-,yqaEp,"kbp, yqaE",TATTTTCTAAATTAAGTAAACTCTAAACTAAAAATGCAACATATACCAGCCTCAGCAGCGTAAATGAGAGTAAAAGCGTAAGCTGAAACTGGCAGGCTCCGCTAAAATTACTACGCTTAAGAGATAAAATCTCTTTTTAAACAATGAGTAATTTTCTTAT
662820,662661,-,ybeDp,"lipB, ybeD",CCGGAAGGTAACTTCTTCGGCAAAATCATTGATTACATTAAATTAATGTTCCATCACTGGTTTGGTTAAAAATTAAACACTTGAAAGTGTAATTTCCGTCCCCATATACTAAGCATCAGTAAAAAACTCCCGCCTTCTGGCGGGAGTTGCTATTTAATTA
662820,662661,-,ybeDp2,"lipB, ybeD",CCGGAAGGTAACTTCTTCGGCAAAATCATTGATTACATTAAATTAATGTTCCATCACTGGTTTGGTTAAAAATTAAACACTTGAAAGTGTAATTTCCGTCCCCATATACTAAGCATCAGTAAAAAACTCCCGCCTTCTGGCGGGAGTTGCTATTTAATTA
137054,136895,-,yacCp,"speD, speE, yacC",AACAAAATCAAACGTTGAGCATAGTCCTTCCCCTTACGGGAAGGTCAAGCCGCAGACACAATTTAATCGACAATAATGGTCGTCGCCTCGCTCGCAGTGTGCTAACGTTTATCTTCTTTAAGCCCCTGGTAGAAGCAATGAAGACGTTTTTCAGAACAGT
179297,179138,-,mtnp,"btuF, mtn, yadS",CCTGCGGTGAACGGTAACGACGATGCCAGTTTATTTTTTTTCGGAAATCAATCTGTGCCATGTCCTCTCCCGCGTGAGAAATACGCTTCCCCGTAAGCGCATGGTAAACTATGCCTTCAAATCGGGCTTATCGCGAGTAAATCTATGAAAATCGGCATCA
179297,179138,-,mtnp2,"btuF, mtn, yadS",CCTGCGGTGAACGGTAACGACGATGCCAGTTTATTTTTTTTCGGAAATCAATCTGTGCCATGTCCTCTCCCGCGTGAGAAATACGCTTCCCCGTAAGCGCATGGTAAACTATGCCTTCAAATCGGGCTTATCGCGAGTAAATCTATGAAAATCGGCATCA
313399,313240,-,ykgRp,ykgR,AGGCGACATATATCAATGACGTTGGTGCAATAAAAGATAGTTGATGTAATACATCTATTCAAATTTGTGATACATGTCAAAAAATTGGTTGACCAAACTCGTTATTTATATAAGGGCACTTACGAAGTGCACTCTTTTTTAAAGCGAGGAAGTACCAATG
485812,485653,-,acrAp,"acrA, acrB",CGAGGATGTGTTGGCGCGTTTCTTGCGCTTCTTGTTTGGTTTTTCGTGCCATATGTTCGTGAATTTACAGGCGTTAGATTTACATACATTTGTGAATGTATGTACCATAGCACGACGATAATATAAACGCAGCAATGGGTTTATTAACTTTTGACCATTG
484799,484640,-,acrBp,acrB,TCACCCTACGCGCTATCTTCCCGAACCCGGATCACACTCTGCTGCCGGGTATGTTCGTGCGCGCACGTCTGGAAGAAGGGCTTAATCCAAACGCTATTTTAGTCCCGCAACAGGGCGTAACCCGTACGCCGCGTGGCGATGCCACCGTACTGGTAGTTGG
794637,794796,+,acrZp,acrZ,GCCTGCATAACAATGTCCTGGCAAAAGTCTTATTGTGACGGAAAACGAACGCCACGCAAAGCTGACCGCACAAAAGGGGAGTGCTTTTCTGTGCTTAGCGGTTAGAATAGTCTCATGACTATATCTGGAGTTGACCATGTTAGAGTTATTAAAAAGTCTG
3700386,3700227,-,ldrDp,ldrD,CAGCCCGGATATGAACTGCAACTATTGCAAATAAAGAAATTAAGCTGGAAGGCATCGCGCAATGAGGAAGATTGCCGGGTGCTGACAGTAAAAAGCAATCGTAGAATCAGCGGCAAGCCGGAAAGGTTCCGGTGAGGCGCAATGTTGCGGGGGCTTTATC
3700022,3700181,+,rdlDp,rdlD,AATGCCAGCAATGACCGGAGCCGCTAAATCATGCCAGAAGGCCATGCCCAGCTCTGCGAACGTCATATAGCCGCCTGTGTTGTAATGACAACGTTTCGCGGCTATTCTTGAGTGGTCTAGAGTCAAGATTAGCCCCCGTGGTGTTGTCAGGTGCATACCT
3648096,3647937,-,dinQp,dinQ,TGGCTCTGACTGGAGTGAGATAGCCATCATCTAACGCATCAATGCTAATACCATACTGAAACTATTGCAAGGACGTGCTGGTTTTATAACCTGCATGTACTGTATGATTATCCAGTTAGCTCTGAGGCATTTTCACTCTGGCAATGCGCATAAACGCTTT
3853223,3853382,+,tisBp,tisB,CGCAATTTCGGCACGAATTTTGACGTATTTAGTGCATAGTTGAGTATCGATCACAGTTTGCGTTTTGTCCAAATATTACTGTTTATTTATACAGTAAACTTCTATAATATCACTGTACGCAATGTGTTATGCGGGGGCCGCATCGTTACCCGGCGCACTA
3177898,3178057,+,tolCp2,"tolC, ygiB, ygiC",CTGGCTTAAGCATTGTTAATGTCCTGGCACTAATAGTGAATTAAATGTGAATTTCAGCGACGTTTGACTGCCGTTTGAGCAGTCATGTGTTAAATTGAGGCACATTAACGCCCTATGGCACGTAACGCCAACCTTTTGCGGTAGCGGCTTCTGCTAGAAT
3177960,3178119,+,tolCp4,"tolC, ygiB, ygiC",TTTGACTGCCGTTTGAGCAGTCATGTGTTAAATTGAGGCACATTAACGCCCTATGGCACGTAACGCCAACCTTTTGCGGTAGCGGCTTCTGCTAGAATCCGCAATAATTTTACAGTTTGATCGCGCTAAATACTGCTTCACCACAAGGAATGCAAATGAA
3177890,3178049,+,tolCp1,"tolC, ygiB, ygiC",CAGGTTGTCTGGCTTAAGCATTGTTAATGTCCTGGCACTAATAGTGAATTAAATGTGAATTTCAGCGACGTTTGACTGCCGTTTGAGCAGTCATGTGTTAAATTGAGGCACATTAACGCCCTATGGCACGTAACGCCAACCTTTTGCGGTAGCGGCTTCT
3177948,3178107,+,tolCp3,"tolC, ygiB, ygiC",ATTTCAGCGACGTTTGACTGCCGTTTGAGCAGTCATGTGTTAAATTGAGGCACATTAACGCCCTATGGCACGTAACGCCAACCTTTTGCGGTAGCGGCTTCTGCTAGAATCCGCAATAATTTTACAGTTTGATCGCGCTAAATACTGCTTCACCACAAGG
711635,711476,-,fldAp,"fldA, fur, uof",GGCGGCGCTGCGTAGTCAGGGCATCGTTTAAATTTCCACTTTCATGTAGCACAGTGTGCAGTCCTGCTCGTTTGCTGATTCCGCAAGACTGCCTGTTCTGCTATGATTGCCTTTATCCGTGGGCAATTTTCCACCCCCATTTCAATAAGTTTCAAGAGGT
710837,710678,-,furpb,fur,AATGTCCCGGTGTTCAAGTGGCCTTGCCGTTGTAAATGTAAGCTGTGCCACGTTTTTATTAACAATATTTGCCAGGGACTTGTGGTTTTCATTTAGGCGTGGCAATTCTATAATGATACGCATTATCTCAAGAGCAAATTCTGTCACTTCTTCTAATGAA
710830,710671,-,furpa,fur,CGGTGTTCAAGTGGCCTTGCCGTTGTAAATGTAAGCTGTGCCACGTTTTTATTAACAATATTTGCCAGGGACTTGTGGTTTTCATTTAGGCGTGGCAATTCTATAATGATACGCATTATCTCAAGAGCAAATTCTGTCACTTCTTCTAATGAAGTGAACC
710943,710784,-,uofp,"fur, uof",AATGCCTGATGTGATGCGGCGTAGACTCATGTCTACGCCGTATTAATAGATAATGCCAATCAAAATAATTGCTACAAATTTGTAACTTTTGCTGTTGTACCTGTACAATGTCCCGGTGTTCAAGTGGCCTTGCCGTTGTAAATGTAAGCTGTGCCACGTT
1021061,1020902,-,sulAp,sulA,ATTCTTAAGGGGCAAGATTAATTTATGTTTTCCCGTCACCAACGACAAAATTTGCGAGGCTCTTTCCGAAAATAGGGTTGATCTTTGTTGTCACTGGATGTACTGTACATCCATACAGTAACTCACAGGGGCTGGATTGATTATGTACACTTCAGGCTAT
2751645,2751804,+,recNp,recN,CGAAAGATTACAGTTATTTCAACACATTAAGCACCAAGCTCGGCTGGTCAAAAAAATTATTCTAATTTTACGCCAGCCTCTTTACTGTATATAAAACCAGTTTATACTGTACACAATAACAGTAATGGTTTTTCATACAGGAAAACGACTATGTTGGCAC
2315861,2316020,+,rcsBp2,rcsB,GTGACAGAATCGCCTCTGGGCGGAGATGAAAATGCGCAACTCCATGCCAGCGGCTATTATGCGCTCTTTGTAGACACAGTACCGGATGATGTTAAGAGGCTGTATACTGAAGCAGCAACCAGTGACTTTGCTGCGTTAGCCCAAACGGCTCATCGTCTTA
2315581,2315740,+,rcsBp1,rcsB,GGATGTTACTTCGGCAGAAATTCGGAATATTGTCACTCGCCAGTTAGAAAATTGGGGTGCAACCTGTATCACACCCGATGAAAGATTAATTAGTCAAGATTATGATATCTTTTTAACGGATAATCCGTCTAATCTTACTGCCTCTGGCTTGCTTTTAAGC
2313338,2313497,+,rcsDp,"rcsB, rcsD",TGGCGCTTGTACATCTATTTCCCCCAATGCAGGATGATAAATATCACGGGAGAATAGAGAATCATCAATCAGGTAAGAGTCTGGAATTTCACACTGTACCCTTTATACTGCCCTATCACTTCGCGAAGTTTTAACAGGTCATAAACACGAATGCGTCAGA
3000143,3000302,+,xdhAp1,"xdhA, xdhB, xdhC",ACTGCCCCTATTCAGAGTCCTGTTTCGTATCATATCTGTGTTTTTTTAACGTCATCACACTTCCTACCTCCCCTAACGCTTATCGTCGTTTCTGGCGTAAATCTTGCCTGCTTAGACTAAATCTTTGCCATAAGAACCAAATGTTCAAATCGAGGGGATT
3000151,3000310,+,xdhAp2,"xdhA, xdhB, xdhC",TATTCAGAGTCCTGTTTCGTATCATATCTGTGTTTTTTTAACGTCATCACACTTCCTACCTCCCCTAACGCTTATCGTCGTTTCTGGCGTAAATCTTGCCTGCTTAGACTAAATCTTTGCCATAAGAACCAAATGTTCAAATCGAGGGGATTTCTATGGA
3015878,3016037,+,ygfKp,"ssnA, ygfK",TTCTCATTTAGCACCTGTGAGTTCATTCACAAAAAGCCCTTAAGTTTCGAGCCGCCTCACATTTTTTTATATTTCCCGCCAAACCTGGCAAGAGTGGTGCGATTGTTGCTCTATCCCCCTAAACCACCGGATTTCTCAACACCGGTCACTCAATGATATC
3018836,3018995,+,ssnAp,ssnA,AGAACCGTTTCCAGACGCTGCACCTCGACGCTTACTGTAACGAATGCGGCAACTGCGCTCAGTTCTGTCCGTGGAACGGTAAACCGTACAAAGACAAAATCACCGTCTTCAGCCTGGCGCAAGACTTTGATAACAGCAGCAACCCAGGCTTCCTTGTGGA
4105800,4105641,-,cpxRp2,"cpxA, cpxR",TCTGTCGCGATTCAACGATAGAGAGTTTACGATTCAGGCTGCAAACATGCGTCAGGGGGTGTAAAACAACGTAAAGTCATGGATTAGCGACGTCTGATGACGTAATTTCTGCCTCGGAGGTATTTAAACAATGAATAAAATCCTGTTAGTTGATGATGAC
4105800,4105641,-,cpxRp,"cpxA, cpxR",TCTGTCGCGATTCAACGATAGAGAGTTTACGATTCAGGCTGCAAACATGCGTCAGGGGGTGTAAAACAACGTAAAGTCATGGATTAGCGACGTCTGATGACGTAATTTCTGCCTCGGAGGTATTTAAACAATGAATAAAATCCTGTTAGTTGATGATGAC
1645840,1645999,+,TSS_6311_regulondb,dicA,TTCATCGTCAATACGCAGGTTAATGCTACCCATGTCTTACACCTCTTGTAATTACAAATGTCATTACAAGTATCGCACTACAACATGCTTAGGGCAAGTCACGAAGGAAGTCAGAAAGTAGTCGTAAGAACGGTGATCACTGTCCGCTTTGTGCCAGGAG
4619625,4619784,+,TSS_18061_regulondb,yjjJ,TGCTGGACTCATTCGGCATCGGCGCTACAGAAGATGCAGAACGCTTTGGTGACGTCGGGGCTGACACCCTGGGTCATATCGCAGAAGCTTGTGCCAAAGGCGAAGCTGATAACGGTCGTAAAGGCCCGCTCAATCTGCCAAATCTGACCCGTCTGGGGCT
344362,344521,+,TSS_1414_storz_regulondb,yahM,GATGACGACAAACTCATTCATCTCATGGCTGCCGTACGAGACTGTGAGTGGTCAGACGATAACGCACTCACCATAAATGTGCAGTTTAATGATTTCCCTGGATTTTATGACTGGATGGATTACCCTGATCACCCGGTTAAGTTTGTTTTTCACATACTTG
1201521,1201362,-,TSS_4654_wanner_regulondb,ymfJ,GAACGTGAACATAAAACTGGTTCATTAAGTTTCCTTGCTTGCTGGCTGTGTGAGAACTCCAGCATACCACCGAGCCTGAAGTGGTGAAAAGACAGGCACATAACAGCTAAGTATTTTCAACCAGAGAGAATCCTTAGCGTTGTGGTGAATGCGGCTCAGC
1201550,1201391,-,TSS_4655_regulondb,ymfJ,GGTCTGTTCGGCTGTGTCTTCAAATAGACGAACGTGAACATAAAACTGGTTCATTAAGTTTCCTTGCTTGCTGGCTGTGTGAGAACTCCAGCATACCACCGAGCCTGAAGTGGTGAAAAGACAGGCACATAACAGCTAAGTATTTTCAACCAGAGAGAAT
282319,282160,-,yagB_insX_yagA_predicted,"yagB, insX, yagA",GACAGGGGGAATGATTCCCGTGAACAACGCGGACTGCGGCATGAGATCTCCTTGCTGAATCATTTTGTTCTACATTATAGAACAGCGTTCGTTTATTTAACGATCATACTATGACGCAGAACAAGGAGAGGTAAATCGGAAGGGAAGAGGGAGTGCGGGA
2079577,2079418,-,tmaR_predicted,tmaR,CTTGAGTTGCTATCGAATCTGATTTGCCGGGCCTTGCGCAAATAATTCCTGAACTTCAGAATCATCTTGCTGCTGCTTCGATTCAGCAAGGATAAAGGGTATGATAGTGAAAAGGGATAAAAGCATTGTCATCTGCGGCAGCTATGAGTAATGTTGGCCC
4259040,4259199,+,yjbJ_predicted,yjbJ,CTTTCTGGCGTTGCGCGGGCTTTCTCTGGCGGCTATCTGGCGGCGTCACTGGCGCAATGGTACCTGGTTTGCCGCAACGTGACGGTTAAAAATTCTGAATAAATAATCCTAAGCCAAATTGCTGACTACACTTAATCTCACGTTCAGAAGAAAAGTGAAC
3248778,3248937,+,yqjE_yqjK_yqjD_yqjC_predicted,"yqjE, yqjK, yqjD, yqjC",CAGTGGCTGACCCGGTTACGGGATAACTCTCATCGCTTCGGATAACTTCCTGTTATCCGAAACATATCACTCACTTTGGTGATTTCACCGTAACTGTCTATGATTAATGAGGCGGTGGTTAACACTACCGCTTCGTTGTCTGGACAATCGTTCCTTTGTA
475209,475368,+,ybaY_predicted,ybaY,GTATAACGCAAATTTGCTACTGGTCCGATGGGTGCAATGGTCTGAATTACGGGCTAATTACAGGCAGAAATGCGTGATGTGTGCCACACTTGTTGACGTTACTATTTTGTTAACCACTCTTCCGGCGAGGAAAGTTAGCCCGCTGGTGCATTGATAATAA
3169862,3169703,-,ygiW_predicted,ygiW,ATCAGCATGTCATCTTCTATCAGTAAAATTCGCATTTTTTCATCCCTGCGATAACCGTATTTGCTGCCAGTAAACCGTGTTGTAACGCGCTCTGTACAGCACTAAATTTTATTTTTTTCCCTTAAGAAGTTGTTAAGGACTATCTTGTTAAATGCTCGGA
4118316,4118475,+,zapB_predicted,zapB,TTTCGATTGATGTGGATTATGTCACCAGGAGAAGGATGAAAAGTGTGGCAAACCGTAATCTGCAAGGCGTGCCGCTGGACAGCGATGGCGCGGCTTCATACAATCGGAGCTAACTAAAGTGCGCTCGTATTTATTAAGGCGTCACCGGTAATCGGGACGA
131503,131344,-,yacH_predicted,yacH,GGATTTTGACGAGGTGTTAATCTGTTTACAAAAAAGCAACATAAAAAAGTGGCTGAATCGTTAAGGATGGTCTAGAGATTGTTTCCCTCCGTAAAAACTTCGTTAATTCGCATGGTGATAATCACCTTTCTCAACGAATCCCAAGATTAGTCAAAATTTA
142611,142770,+,yadG_yadH_predicted,"yadG, yadH",TTCCACCAGCATTTTTGACCATAGTGCATTGTTGCTGATGAGTGTATCTATGTCTTTCATGGAGGTTAACGACCTGTAACCAAATAATTACGTTTGGCTAATATAGGGCAACTCCGGGACGATTTAAACCACAGATAAAGTGTAAGAACGTAAGGTAAGT
144435,144594,+,yadI_predicted,yadI,GGTCGCTGATCCAACGTGGACGTGGTTTGCGTAGCTAAGGCTATTTCCTCTCCTCTGGATTTGGGGGAGAGGAGTTTTGACGGCTATCACCCTTTATCAACAATGGTCAGGGTAGACTGATTTTCGGCTAAGGAGGAAGGCGATGTTAGGTTGGGTAATT
144941,145100,+,yadE_predicted,yadE,CGGAGGTGAGTAGTCTTTGGCACCAACAACAAAAAAATCCGCCTTTCGTCCTCAAACATAATTTGTATGAGTATTAACCCGCGATTCTGATGGCGCTTTTGCTACAATAAAAGCGTTGTTTCACCCTCGGTTATTTTTTCATGTACAAACAAGCTGTTAT
153193,153034,-,yadL_yadM_yadC_yadK_predicted,"yadL, yadM, yadC, yadK",ATCTTGAGAACGATGTTGAATTAAAAAGTACCAGTGCAGTAGCTGTACCGCGTCAGGGTTCAGTCGTCTTTGCTGATTTTGAAACCGTGCAAGGGCAATCAGCCATTATGAACATCACACGAAGTGATGGTAAAAATATTCCATTTGCTGCAGATATTTA
157076,156917,-,yadN_predicted,yadN,TGAATTAAGTAAATTTAATTTGTTCAAAAGCTTCTAAAGTGCACAATAGGCGACCTAATGAACAATGGTTGTAAATTTGGGTAACAAATATCATTGCTCATTAATATCTAACATTTGTTTCTCCTATTTGTGTCATGAATAGTCATTCTTCAAACATGTA
335475,335316,-,yahC_predicted,yahC,TAATATCCGCTCCGGCATCAATTAATGCCTGAACGCAAGCATATTGCTGATATAAACTTGCCAGCGTAATTGCCGTTTTCCCCTGACGATCGCAGGTATTAATATCGACACCCAGCGCAAGGCAGGTTTTTACTTTATCGATATCACCCTGTTGTGCAGC
344037,344196,+,yahL_predicted,yahL,AACGTAAATTTAAATTGTTAAATTAACGCCCTCCAGTACACAATACTTCACACGTTAGTTATGAGCGATTTCTGATAGTGCCTGGTTTAATCAGAGCTTTATTATCTGCGACGTTTATTTTTATTTAAGAGAGATCGCGATGATATCATTAAAAGCTCCG
4474419,4474578,+,tabA_predicted,tabA,AAGCGGCGCGCAGATATAGCCAAAACGGCGGCTGCGCTGGCTGTATGGTTCTTGAAGGTATTCATAGTCATGATCCACAAGCGCGTGATATTGCCGTTCAATATTATCACGCCGCAGAAACGACCATTTATGACTACATCGCCAGGCGGCATCCACAACG
2755299,2755140,-,ratA_yfjF_predicted,"ratA, yfjF",TGTTTCTTACCTTTGGCGACGCCGATTTTCACTTTGCACCAGGCATTTTTCCAGTACAGGGAGAGCGCCACTACGGTATAGCCTTCTCGATTGACGCGACCGTACAATGAGTCCAGTTCGCGCTGGTTGAGAAGTAACTTGCGGGTACGGGTAGGATCGC
1201746,1201587,-,intE_xisE_ymfH_predicted,"intE, xisE, ymfH",GTTCAAATTTACAGACAAATATATTTGCGTCAACACCGGCACTGTTAGCAATTGAAAATGTTTGATCAAGGATTTGTTGGCAGTTCATTGTACTTTTGAGGATATATCCCTCTGGAATCAGTCTGCAGCAGCTATCGTCAGACTCTTTAACTGTTTTCTG
1202574,1202733,+,ymfM_beeE_jayE_ymfL_ymfR_tfaP_ymfT_ymfN_ycfK_ymfQ_predicted,"ymfM, beeE, jayE, ymfL, ymfR, tfaP, ymfT, ymfN, ycfK, ymfQ",GGGATACGTTTCTGCTGTGCTCAAATCAACCTCAGAATATCCAACTTCTTTCCATGCTCCGGCCTGTACCCATGATATGACAGGGACTAATGTGATTTGTTTATTAGTGATTGAAACATCAGGTTTTTTTGTGATGTTCGTTGTCTGGTGTTCTTGATCG
1209837,1209678,-,tfaE_stfE_predicted,"tfaE, stfE",TGTCCTGAGCAGTTTTTTCAGTCCCGGCCTTTCGGACTTTGTGCCGCTTATCTTGTCTTCAAAAATCAGCTCGCATCCTGCACAGTTCAGCGCATTACGTTGTAGATCTGTGTTCTGGTCATTTGTTGATACGCGTACATAGCCAATAAGCATGTTAAAT
1211089,1211248,+,icdC_predicted,icdC,TCCGAATTGCCATAGAGAATTGCACTATAGTAAAAATGCAAAAGAACTAATCGAGATGCTTTACGTTAATATAAACCGATTACAGAAATAAAATTATTTATTAAAGTCACATTTAAGACGTAATACCCTACAGGGTAAAAATTTTCTCTGATCTTAACTT
863664,863505,-,ybiY_ybiW_predicted,"ybiY, ybiW",GAAGTATCCAGATACAGTTCCATAACCATCCTCAAAATGTACTTTTTGTCTGAATGTAGACTATCACGGGAAAACTCTCTGAACAGTTGACGCACATCAATCTAACTTTCATTCGAAAGTATTTTAATGCTTGAACGAAATAGAGAGGCAACTATGATTT
3005989,3006148,+,ygeW_predicted,ygeW,TAGCCTGCCCCTTTATCTTATTTCTGATACTTAGCAGCAAATAAATAACGCGATAAAAAAAGCCAAACGTTTTCGTATTTTACAAACAACCAGAAGCTGGCATCAATTTGTGATCAACCCCACACATTATCCGTCAAATTAGTCTTTTGCAGCCGCGCGG
3007257,3007416,+,ygeX_predicted,ygeX,AGCTGATATCAGCGGCGTATCCTGTAAAGAAGGTGAAGTGACTGAAGGCGTATTCGAAAAATACCGTATCGCTACCTACAAAGAAGCCAGCTGGAAGCCTTATATCATCGCCGCGATGATCCTGTCCCGTAAATACGCCAAACCAGGTGCACTGCTCGAG
3008618,3008777,+,ygeY_predicted,ygeY,TGGTGCTGGTTATCAGCACTGAAGGCGACACCGACGTGAAGCACTACCGCGAAGTTGTCTGGGAAGGCAAACACGCTGTAGCACCTTAATCACCCTATTGGAACTGCTCCCTGCAAAACGGGGAGTAAAAAATCTGGAGAAAAATAATGGCTAAGAATAT
3009587,3009746,+,hyuA_predicted,hyuA,CGCTGGACGAAATCCGCGCCCTGCCTGCAGTACAGAAAGCTAACGCGGTTGTTTCTATGTACAACTACGACCGTCCGTCCTGGACTGGCCTGGTTTACCCAACCGAATGCTACTTCCCGACCTGGAAAGTGGAAGAAGATCACTTCACCGTTAAAGCACT
3020106,3020265,+,ygfM_xdhD_predicted,"ygfM, xdhD",TCGGACATGTTTGAAGAGATGAAATTTGCCTTCTTTAAACATCGCGATGCGGGTGGTCCGCTGTGGCCTGACAGTTTTGCCAAAGCCCTGACTAACGGTAACGAACTGATGAGCCGCAACTTTGGCGCGAAATTTGGGCTTCTGGAAGCCGGTTACAAAG
3031289,3031130,-,ygfS_ygfT_predicted,"ygfS, ygfT",AGTGCCAGTTTTTGCGAGGAAGGGGAGTTAGAGACAGGAATTGCGGAGGCAATCACATAATCGTGGTTAAACCACGAAAATGAGAAGAGAACCTGACAATGGAATTATCTGTAATTTTCTCATATTGATATTTCATTAATCATTCTGGCATGTCGCACTC
3030920,3031079,+,uacT_predicted,uacT,AAACTTATTCATTTGCATCCCTTTCATTTAATGAGTTATGTCTTCTCAAATTTCGCGATGCAATAAACGGGCATATATTAGGTAGCATGACCGTTTTAATTATAATTTTGCGACTGAGTTCAAATTATTGCCCCTCAATCTATGCCGCTTTCATTATTTC
